model_version,growth_rate,reactions_added,fluxes,compounds_to_consume,uptake_rate,compounds_to_produce,production_rate
Model1,1.4319489943099062,ARAI,19.519630977760375,EX_arab__L_e,-19.519630977760375,EX_akg_e,0.0
,,RBK_L1,19.519630977760375,,,,
,,RBP4E,19.519630977760375,,,,
Model3,1.4319489943099062,ARABD,-27.242023021268853,EX_arab__L_e,-27.242023021268853,EX_akg_e,0.0
,,LARLC,27.242023021268853,,,,
,,LARNDH,27.242023021268853,,,,
,,L2K3dARNDH,27.242023021268853,,,,
