model_version,growth_rate,reactions_added,fluxes,compounds_to_consume,uptake_rate,compounds_to_produce,production_rate
Model1,0.8769972144269764,ALCD1,88.1611181069122,EX_ch4_e,-88.16111635291777,EX_for_e,0.0
,,MMO2,88.16111635291777,EX_nh4_e,-9.47149537104818,,
Model2,0.8769972144269764,ALCD1,110.20958802025064,EX_ch4_e,-110.20958626625621,EX_for_e,0.0
,,R01142,110.20958626625621,EX_nh4_e,-9.471495371048263,,
